,Pulse,ne,dn_edge,q95,zmag,t_ft,Ip,Pnbi,q0,Bphi
0,29840,1.8113930700074779e+19,1.2081098634858542e+20,6.433036804199219,0.010541251860558987,0.4000799898931291,383.453125,,0.9718825817108154,-0.38229334354400635
