,Pulse,t_ft,Pnbi,Ip,ne
0,29840,0.22619999428570736,,420.11859130859375,2.0248474195727483e+19
1,29987,0.22619999428570736,,408.4373474121094,1.487015835676258e+21
2,29988,0.22619999428570736,,412.69927978515625,1.9965739178691396e+19
3,29989,0.22619999428570736,,415.4744873046875,2.0724608910042857e+19
